poll_iso,poll_unix,round,block,asset,ok,value_raw,dia_ts,price_1e18
2026-07-17T23:32:51.000Z,1784331171,0,30619448,BTC/USD,true,63901652305703564476416,1784331105,63901.652305703564476416
2026-07-17T23:32:51.000Z,1784331171,0,30619448,ETH/USD,true,1837225062418002870272,1784331078,1837.225062418002870272
2026-07-17T23:32:51.000Z,1784331171,0,30619448,LTC/USD,true,45052989600000000000,1784331137,45.0529896
2026-07-17T23:32:51.000Z,1784331171,0,30619448,SOL/USD,true,74913021715683311616,1784331146,74.913021715683311616
2026-07-17T23:32:51.000Z,1784331171,0,30619448,ZEC/USD,true,542372855005625090048,1784331168,542.372855005625090048
2026-07-17T23:32:51.000Z,1784331171,0,30619448,RAIN/USD,true,14100622650000001,1784331036,0.014100622650000001
2026-07-17T23:33:06.000Z,1784331186,1,30619507,BTC/USD,true,63901652305703564476416,1784331105,63901.652305703564476416
2026-07-17T23:33:06.000Z,1784331186,1,30619507,ETH/USD,true,1837225062418002870272,1784331078,1837.225062418002870272
2026-07-17T23:33:06.000Z,1784331186,1,30619507,LTC/USD,true,45052989600000000000,1784331137,45.0529896
2026-07-17T23:33:06.000Z,1784331186,1,30619507,SOL/USD,true,74913021715683311616,1784331146,74.913021715683311616
2026-07-17T23:33:06.000Z,1784331186,1,30619507,ZEC/USD,true,542372855005625090048,1784331168,542.372855005625090048
2026-07-17T23:33:06.000Z,1784331186,1,30619507,RAIN/USD,true,14100622650000001,1784331036,0.014100622650000001
2026-07-17T23:33:21.000Z,1784331201,2,30619567,BTC/USD,true,63901652305703564476416,1784331105,63901.652305703564476416
2026-07-17T23:33:21.000Z,1784331201,2,30619567,ETH/USD,true,1837225062418002870272,1784331078,1837.225062418002870272
2026-07-17T23:33:21.000Z,1784331201,2,30619567,LTC/USD,true,45052989600000000000,1784331137,45.0529896
2026-07-17T23:33:21.000Z,1784331201,2,30619567,SOL/USD,true,74913021715683311616,1784331146,74.913021715683311616
2026-07-17T23:33:21.000Z,1784331201,2,30619567,ZEC/USD,true,542372855005625090048,1784331168,542.372855005625090048
2026-07-17T23:33:21.000Z,1784331201,2,30619567,RAIN/USD,true,14101122300000002,1784331169,0.014101122300000002
2026-07-17T23:33:36.000Z,1784331216,3,30619627,BTC/USD,true,63901652305703564476416,1784331105,63901.652305703564476416
2026-07-17T23:33:36.000Z,1784331216,3,30619627,ETH/USD,true,1837380432750000209920,1784331211,1837.38043275000020992
2026-07-17T23:33:36.000Z,1784331216,3,30619627,LTC/USD,true,45062982500000002048,1784331204,45.062982500000002048
2026-07-17T23:33:36.000Z,1784331216,3,30619627,SOL/USD,true,74921707515638177792,1784331212,74.921707515638177792
2026-07-17T23:33:36.000Z,1784331216,3,30619627,ZEC/USD,true,542372855005625090048,1784331168,542.372855005625090048
2026-07-17T23:33:36.000Z,1784331216,3,30619627,RAIN/USD,true,14101122300000002,1784331169,0.014101122300000002
2026-07-17T23:33:51.000Z,1784331231,4,30619688,BTC/USD,true,63901652305703564476416,1784331105,63901.652305703564476416
2026-07-17T23:33:51.000Z,1784331231,4,30619688,ETH/USD,true,1837380432750000209920,1784331211,1837.38043275000020992
2026-07-17T23:33:51.000Z,1784331231,4,30619688,LTC/USD,true,45062982500000002048,1784331204,45.062982500000002048
2026-07-17T23:33:51.000Z,1784331231,4,30619688,SOL/USD,true,74921707515638177792,1784331212,74.921707515638177792
2026-07-17T23:33:51.000Z,1784331231,4,30619688,ZEC/USD,true,542372855005625090048,1784331168,542.372855005625090048
2026-07-17T23:33:51.000Z,1784331231,4,30619688,RAIN/USD,true,14101122300000002,1784331169,0.014101122300000002
2026-07-17T23:34:06.000Z,1784331246,5,30619747,BTC/USD,true,63901832955470098202624,1784331238,63901.832955470098202624
2026-07-17T23:34:06.000Z,1784331246,5,30619747,ETH/USD,true,1837380432750000209920,1784331211,1837.38043275000020992
2026-07-17T23:34:06.000Z,1784331246,5,30619747,LTC/USD,true,45062982500000002048,1784331204,45.062982500000002048
2026-07-17T23:34:06.000Z,1784331246,5,30619747,SOL/USD,true,74921707515638177792,1784331212,74.921707515638177792
2026-07-17T23:34:06.000Z,1784331246,5,30619747,ZEC/USD,true,542372855005625090048,1784331168,542.372855005625090048
2026-07-17T23:34:06.000Z,1784331246,5,30619747,RAIN/USD,true,14101122300000002,1784331169,0.014101122300000002
2026-07-17T23:34:21.000Z,1784331261,6,30619808,BTC/USD,true,63901832955470098202624,1784331238,63901.832955470098202624
2026-07-17T23:34:21.000Z,1784331261,6,30619808,ETH/USD,true,1837380432750000209920,1784331211,1837.38043275000020992
2026-07-17T23:34:21.000Z,1784331261,6,30619808,LTC/USD,true,45062982500000002048,1784331204,45.062982500000002048
2026-07-17T23:34:21.000Z,1784331261,6,30619808,SOL/USD,true,74921707515638177792,1784331212,74.921707515638177792
2026-07-17T23:34:21.000Z,1784331261,6,30619808,ZEC/USD,true,542372855005625090048,1784331168,542.372855005625090048
2026-07-17T23:34:21.000Z,1784331261,6,30619808,RAIN/USD,true,14101122300000002,1784331169,0.014101122300000002
2026-07-17T23:34:36.000Z,1784331276,7,30619867,BTC/USD,true,63901832955470098202624,1784331238,63901.832955470098202624
2026-07-17T23:34:36.000Z,1784331276,7,30619867,ETH/USD,true,1837380432750000209920,1784331211,1837.38043275000020992
2026-07-17T23:34:36.000Z,1784331276,7,30619867,LTC/USD,true,45068430000000008192,1784331271,45.068430000000008192
2026-07-17T23:34:36.000Z,1784331276,7,30619867,SOL/USD,true,74921707515638177792,1784331212,74.921707515638177792
2026-07-17T23:34:36.000Z,1784331276,7,30619867,ZEC/USD,true,542372855005625090048,1784331168,542.372855005625090048
2026-07-17T23:34:36.000Z,1784331276,7,30619867,RAIN/USD,true,14101122300000002,1784331169,0.014101122300000002
2026-07-17T23:34:51.000Z,1784331291,8,30619927,BTC/USD,true,63901832955470098202624,1784331238,63901.832955470098202624
2026-07-17T23:34:51.000Z,1784331291,8,30619927,ETH/USD,true,1837501639795673792512,1784331278,1837.501639795673792512
2026-07-17T23:34:51.000Z,1784331291,8,30619927,LTC/USD,true,45068430000000008192,1784331271,45.068430000000008192
2026-07-17T23:34:51.000Z,1784331291,8,30619927,SOL/USD,true,74921707515638177792,1784331212,74.921707515638177792
2026-07-17T23:34:51.000Z,1784331291,8,30619927,ZEC/USD,true,542372855005625090048,1784331168,542.372855005625090048
2026-07-17T23:34:51.000Z,1784331291,8,30619927,RAIN/USD,true,14101122300000002,1784331169,0.014101122300000002
2026-07-17T23:35:06.000Z,1784331306,9,30619987,BTC/USD,true,63901832955470098202624,1784331238,63901.832955470098202624
2026-07-17T23:35:06.000Z,1784331306,9,30619987,ETH/USD,true,1837501639795673792512,1784331278,1837.501639795673792512
2026-07-17T23:35:06.000Z,1784331306,9,30619987,LTC/USD,true,45068430000000008192,1784331271,45.068430000000008192
2026-07-17T23:35:06.000Z,1784331306,9,30619987,SOL/USD,true,74931722905000009728,1784331305,74.931722905000009728
2026-07-17T23:35:06.000Z,1784331306,9,30619987,ZEC/USD,true,542372855005625090048,1784331299,542.372855005625090048
2026-07-17T23:35:06.000Z,1784331306,9,30619987,RAIN/USD,true,14101122300000002,1784331169,0.014101122300000002
2026-07-17T23:35:21.000Z,1784331321,10,30620047,BTC/USD,true,63901832955470098202624,1784331238,63901.832955470098202624
2026-07-17T23:35:21.000Z,1784331321,10,30620047,ETH/USD,true,1837501639795673792512,1784331278,1837.501639795673792512
2026-07-17T23:35:21.000Z,1784331321,10,30620047,LTC/USD,true,45068430000000008192,1784331271,45.068430000000008192
2026-07-17T23:35:21.000Z,1784331321,10,30620047,SOL/USD,true,74931722905000009728,1784331305,74.931722905000009728
2026-07-17T23:35:21.000Z,1784331321,10,30620047,ZEC/USD,true,542372855005625090048,1784331299,542.372855005625090048
2026-07-17T23:35:21.000Z,1784331321,10,30620047,RAIN/USD,true,14101122300000002,1784331169,0.014101122300000002
2026-07-17T23:35:36.000Z,1784331336,11,30620106,BTC/USD,true,63901832955470098202624,1784331238,63901.832955470098202624
2026-07-17T23:35:36.000Z,1784331336,11,30620106,ETH/USD,true,1837501639795673792512,1784331278,1837.501639795673792512
2026-07-17T23:35:36.000Z,1784331336,11,30620106,LTC/USD,true,45068430000000008192,1784331271,45.068430000000008192
2026-07-17T23:35:36.000Z,1784331336,11,30620106,SOL/USD,true,74931722905000009728,1784331305,74.931722905000009728
2026-07-17T23:35:36.000Z,1784331336,11,30620106,ZEC/USD,true,542372855005625090048,1784331299,542.372855005625090048
2026-07-17T23:35:36.000Z,1784331336,11,30620106,RAIN/USD,true,14101122300000002,1784331300,0.014101122300000002
2026-07-17T23:35:51.000Z,1784331351,12,30620166,BTC/USD,true,63901832955470098202624,1784331238,63901.832955470098202624
2026-07-17T23:35:51.000Z,1784331351,12,30620166,ETH/USD,true,1837603922194176671744,1784331343,1837.603922194176671744
2026-07-17T23:35:51.000Z,1784331351,12,30620166,LTC/USD,true,45077971900000002048,1784331336,45.077971900000002048
2026-07-17T23:35:51.000Z,1784331351,12,30620166,SOL/USD,true,74931722905000009728,1784331305,74.931722905000009728
2026-07-17T23:35:51.000Z,1784331351,12,30620166,ZEC/USD,true,542372855005625090048,1784331299,542.372855005625090048
2026-07-17T23:35:51.000Z,1784331351,12,30620166,RAIN/USD,true,14101122300000002,1784331300,0.014101122300000002
2026-07-17T23:36:06.000Z,1784331366,13,30620226,BTC/USD,true,63901832955470098202624,1784331238,63901.832955470098202624
2026-07-17T23:36:06.000Z,1784331366,13,30620226,ETH/USD,true,1837603922194176671744,1784331343,1837.603922194176671744
2026-07-17T23:36:06.000Z,1784331366,13,30620226,LTC/USD,true,45077971900000002048,1784331336,45.077971900000002048
2026-07-17T23:36:06.000Z,1784331366,13,30620226,SOL/USD,true,74931722905000009728,1784331305,74.931722905000009728
2026-07-17T23:36:06.000Z,1784331366,13,30620226,ZEC/USD,true,542372855005625090048,1784331299,542.372855005625090048
2026-07-17T23:36:06.000Z,1784331366,13,30620226,RAIN/USD,true,14101122300000002,1784331300,0.014101122300000002
2026-07-17T23:36:21.000Z,1784331381,14,30620286,BTC/USD,true,63901832955470098202624,1784331368,63901.832955470098202624
2026-07-17T23:36:21.000Z,1784331381,14,30620286,ETH/USD,true,1837603922194176671744,1784331343,1837.603922194176671744
2026-07-17T23:36:21.000Z,1784331381,14,30620286,LTC/USD,true,45077971900000002048,1784331336,45.077971900000002048
2026-07-17T23:36:21.000Z,1784331381,14,30620286,SOL/USD,true,74931722905000009728,1784331305,74.931722905000009728
2026-07-17T23:36:21.000Z,1784331381,14,30620286,ZEC/USD,true,542372855005625090048,1784331299,542.372855005625090048
2026-07-17T23:36:21.000Z,1784331381,14,30620286,RAIN/USD,true,14101122300000002,1784331300,0.014101122300000002
2026-07-17T23:36:36.000Z,1784331396,15,30620346,BTC/USD,true,63901832955470098202624,1784331368,63901.832955470098202624
2026-07-17T23:36:36.000Z,1784331396,15,30620346,ETH/USD,true,1837603922194176671744,1784331343,1837.603922194176671744
2026-07-17T23:36:36.000Z,1784331396,15,30620346,LTC/USD,true,45077971900000002048,1784331336,45.077971900000002048
2026-07-17T23:36:36.000Z,1784331396,15,30620346,SOL/USD,true,74931722905000009728,1784331305,74.931722905000009728
2026-07-17T23:36:36.000Z,1784331396,15,30620346,ZEC/USD,true,542372855005625090048,1784331299,542.372855005625090048
2026-07-17T23:36:36.000Z,1784331396,15,30620346,RAIN/USD,true,14101122300000002,1784331300,0.014101122300000002
2026-07-17T23:36:51.000Z,1784331411,16,30620406,BTC/USD,true,63901832955470098202624,1784331368,63901.832955470098202624
2026-07-17T23:36:51.000Z,1784331411,16,30620406,ETH/USD,true,1837603922194176671744,1784331343,1837.603922194176671744
2026-07-17T23:36:51.000Z,1784331411,16,30620406,LTC/USD,true,45082951189873307648,1784331403,45.082951189873307648
2026-07-17T23:36:51.000Z,1784331411,16,30620406,SOL/USD,true,74931722905000009728,1784331305,74.931722905000009728
2026-07-17T23:36:51.000Z,1784331411,16,30620406,ZEC/USD,true,542372855005625090048,1784331299,542.372855005625090048
2026-07-17T23:36:51.000Z,1784331411,16,30620406,RAIN/USD,true,14101122300000002,1784331300,0.014101122300000002
2026-07-17T23:37:06.000Z,1784331426,17,30620466,BTC/USD,true,63901832955470098202624,1784331368,63901.832955470098202624
2026-07-17T23:37:06.000Z,1784331426,17,30620466,ETH/USD,true,1837709555642236403712,1784331411,1837.709555642236403712
2026-07-17T23:37:06.000Z,1784331426,17,30620466,LTC/USD,true,45082951189873307648,1784331403,45.082951189873307648
2026-07-17T23:37:06.000Z,1784331426,17,30620466,SOL/USD,true,74931722905000009728,1784331305,74.931722905000009728
2026-07-17T23:37:06.000Z,1784331426,17,30620466,ZEC/USD,true,542372855005625090048,1784331299,542.372855005625090048
2026-07-17T23:37:06.000Z,1784331426,17,30620466,RAIN/USD,true,14101122300000002,1784331300,0.014101122300000002
2026-07-17T23:37:21.000Z,1784331441,18,30620525,BTC/USD,true,63901832955470098202624,1784331368,63901.832955470098202624
2026-07-17T23:37:21.000Z,1784331441,18,30620525,ETH/USD,true,1837709555642236403712,1784331411,1837.709555642236403712
2026-07-17T23:37:21.000Z,1784331441,18,30620525,LTC/USD,true,45082951189873307648,1784331403,45.082951189873307648
2026-07-17T23:37:21.000Z,1784331441,18,30620525,SOL/USD,true,74931722905000009728,1784331305,74.931722905000009728
2026-07-17T23:37:21.000Z,1784331441,18,30620525,ZEC/USD,true,542372855005625090048,1784331430,542.372855005625090048
2026-07-17T23:37:21.000Z,1784331441,18,30620525,RAIN/USD,true,14101122300000002,1784331300,0.014101122300000002
2026-07-17T23:37:36.000Z,1784331456,19,30620586,BTC/USD,true,63901832955470098202624,1784331368,63901.832955470098202624
2026-07-17T23:37:36.000Z,1784331456,19,30620586,ETH/USD,true,1837709555642236403712,1784331411,1837.709555642236403712
2026-07-17T23:37:36.000Z,1784331456,19,30620586,LTC/USD,true,45082951189873307648,1784331403,45.082951189873307648
2026-07-17T23:37:36.000Z,1784331456,19,30620586,SOL/USD,true,74931722905000009728,1784331305,74.931722905000009728
2026-07-17T23:37:36.000Z,1784331456,19,30620586,ZEC/USD,true,542372855005625090048,1784331430,542.372855005625090048
2026-07-17T23:37:36.000Z,1784331456,19,30620586,RAIN/USD,true,14101122300000002,1784331431,0.014101122300000002
2026-07-17T23:37:51.000Z,1784331471,20,30620645,BTC/USD,true,63901832955470098202624,1784331368,63901.832955470098202624
2026-07-17T23:37:51.000Z,1784331471,20,30620645,ETH/USD,true,1837709555642236403712,1784331411,1837.709555642236403712
2026-07-17T23:37:51.000Z,1784331471,20,30620645,LTC/USD,true,45082951189873307648,1784331403,45.082951189873307648
2026-07-17T23:37:51.000Z,1784331471,20,30620645,SOL/USD,true,74931722905000009728,1784331305,74.931722905000009728
2026-07-17T23:37:51.000Z,1784331471,20,30620645,ZEC/USD,true,542372855005625090048,1784331430,542.372855005625090048
2026-07-17T23:37:51.000Z,1784331471,20,30620645,RAIN/USD,true,14101122300000002,1784331431,0.014101122300000002
2026-07-17T23:38:06.000Z,1784331486,21,30620705,BTC/USD,true,63901832955470098202624,1784331368,63901.832955470098202624
2026-07-17T23:38:06.000Z,1784331486,21,30620705,ETH/USD,true,1837991883250000068608,1784331478,1837.991883250000068608
2026-07-17T23:38:06.000Z,1784331486,21,30620705,LTC/USD,true,45082951189873307648,1784331403,45.082951189873307648
2026-07-17T23:38:06.000Z,1784331486,21,30620705,SOL/USD,true,74937507000000004096,1784331479,74.937507000000004096
2026-07-17T23:38:06.000Z,1784331486,21,30620705,ZEC/USD,true,542372855005625090048,1784331430,542.372855005625090048
2026-07-17T23:38:06.000Z,1784331486,21,30620705,RAIN/USD,true,14101122300000002,1784331431,0.014101122300000002
2026-07-17T23:38:21.000Z,1784331501,22,30620765,BTC/USD,true,63901832955470098202624,1784331368,63901.832955470098202624
2026-07-17T23:38:21.000Z,1784331501,22,30620765,ETH/USD,true,1837991883250000068608,1784331478,1837.991883250000068608
2026-07-17T23:38:21.000Z,1784331501,22,30620765,LTC/USD,true,45094460175000010752,1784331494,45.094460175000010752
2026-07-17T23:38:21.000Z,1784331501,22,30620765,SOL/USD,true,74937507000000004096,1784331479,74.937507000000004096
2026-07-17T23:38:21.000Z,1784331501,22,30620765,ZEC/USD,true,542372855005625090048,1784331430,542.372855005625090048
2026-07-17T23:38:21.000Z,1784331501,22,30620765,RAIN/USD,true,14101122300000002,1784331431,0.014101122300000002
2026-07-17T23:38:36.000Z,1784331516,23,30620825,BTC/USD,true,63901832955470098202624,1784331477,63901.832955470098202624
2026-07-17T23:38:36.000Z,1784331516,23,30620825,ETH/USD,true,1837991883250000068608,1784331478,1837.991883250000068608
2026-07-17T23:38:36.000Z,1784331516,23,30620825,LTC/USD,true,45094460175000010752,1784331494,45.094460175000010752
2026-07-17T23:38:36.000Z,1784331516,23,30620825,SOL/USD,true,74938552359617814528,1784331503,74.938552359617814528
2026-07-17T23:38:36.000Z,1784331516,23,30620825,ZEC/USD,true,542372855005625090048,1784331430,542.372855005625090048
2026-07-17T23:38:36.000Z,1784331516,23,30620825,RAIN/USD,true,14101122300000002,1784331431,0.014101122300000002
2026-07-17T23:38:51.000Z,1784331531,24,30620885,BTC/USD,true,63901832955470098202624,1784331477,63901.832955470098202624
2026-07-17T23:38:51.000Z,1784331531,24,30620885,ETH/USD,true,1837991883250000068608,1784331478,1837.991883250000068608
2026-07-17T23:38:51.000Z,1784331531,24,30620885,LTC/USD,true,45094460175000010752,1784331494,45.094460175000010752
2026-07-17T23:38:51.000Z,1784331531,24,30620885,SOL/USD,true,74938552359617814528,1784331503,74.938552359617814528
2026-07-17T23:38:51.000Z,1784331531,24,30620885,ZEC/USD,true,542372855005625090048,1784331430,542.372855005625090048
2026-07-17T23:38:51.000Z,1784331531,24,30620885,RAIN/USD,true,14101122300000002,1784331431,0.014101122300000002
2026-07-17T23:39:06.000Z,1784331546,25,30620945,BTC/USD,true,63901832955470098202624,1784331477,63901.832955470098202624
2026-07-17T23:39:06.000Z,1784331546,25,30620945,ETH/USD,true,1837991883250000068608,1784331478,1837.991883250000068608
2026-07-17T23:39:06.000Z,1784331546,25,30620945,LTC/USD,true,45094460175000010752,1784331494,45.094460175000010752
2026-07-17T23:39:06.000Z,1784331546,25,30620945,SOL/USD,true,74938552359617814528,1784331503,74.938552359617814528
2026-07-17T23:39:06.000Z,1784331546,25,30620945,ZEC/USD,true,542372855005625090048,1784331430,542.372855005625090048
2026-07-17T23:39:06.000Z,1784331546,25,30620945,RAIN/USD,true,14103620550000002,1784331542,0.014103620550000002
2026-07-17T23:39:21.000Z,1784331561,26,30621005,BTC/USD,true,63901832955470098202624,1784331477,63901.832955470098202624
2026-07-17T23:39:21.000Z,1784331561,26,30621005,ETH/USD,true,1837991883250000068608,1784331478,1837.991883250000068608
2026-07-17T23:39:21.000Z,1784331561,26,30621005,LTC/USD,true,45094460175000010752,1784331494,45.094460175000010752
2026-07-17T23:39:21.000Z,1784331561,26,30621005,SOL/USD,true,74940117026100314112,1784331547,74.940117026100314112
2026-07-17T23:39:21.000Z,1784331561,26,30621005,ZEC/USD,true,542389317909508685824,1784331541,542.389317909508685824
2026-07-17T23:39:21.000Z,1784331561,26,30621005,RAIN/USD,true,14103620550000002,1784331542,0.014103620550000002
2026-07-17T23:39:36.000Z,1784331576,27,30621064,BTC/USD,true,63901832955470098202624,1784331477,63901.832955470098202624
2026-07-17T23:39:36.000Z,1784331576,27,30621064,ETH/USD,true,1837991883250000068608,1784331478,1837.991883250000068608
2026-07-17T23:39:36.000Z,1784331576,27,30621064,LTC/USD,true,45097957700000006144,1784331539,45.097957700000006144
2026-07-17T23:39:36.000Z,1784331576,27,30621064,SOL/USD,true,74940117026100314112,1784331547,74.940117026100314112
2026-07-17T23:39:36.000Z,1784331576,27,30621064,ZEC/USD,true,542389317909508685824,1784331541,542.389317909508685824
2026-07-17T23:39:36.000Z,1784331576,27,30621064,RAIN/USD,true,14103620550000002,1784331542,0.014103620550000002
2026-07-17T23:39:51.000Z,1784331591,28,30621125,BTC/USD,true,63901832955470098202624,1784331477,63901.832955470098202624
2026-07-17T23:39:51.000Z,1784331591,28,30621125,ETH/USD,true,1837991883250000068608,1784331478,1837.991883250000068608
2026-07-17T23:39:51.000Z,1784331591,28,30621125,LTC/USD,true,45097957700000006144,1784331539,45.097957700000006144
2026-07-17T23:39:51.000Z,1784331591,28,30621125,SOL/USD,true,74940117026100314112,1784331547,74.940117026100314112
2026-07-17T23:39:51.000Z,1784331591,28,30621125,ZEC/USD,true,542389317909508685824,1784331541,542.389317909508685824
2026-07-17T23:39:51.000Z,1784331591,28,30621125,RAIN/USD,true,14103620550000002,1784331542,0.014103620550000002
2026-07-17T23:40:06.000Z,1784331606,29,30621184,BTC/USD,true,63901832955470098202624,1784331477,63901.832955470098202624
2026-07-17T23:40:06.000Z,1784331606,29,30621184,ETH/USD,true,1837991883250000068608,1784331478,1837.991883250000068608
2026-07-17T23:40:06.000Z,1784331606,29,30621184,LTC/USD,true,45097957700000006144,1784331539,45.097957700000006144
2026-07-17T23:40:06.000Z,1784331606,29,30621184,SOL/USD,true,74940117026100314112,1784331547,74.940117026100314112
2026-07-17T23:40:06.000Z,1784331606,29,30621184,ZEC/USD,true,542389317909508685824,1784331541,542.389317909508685824
2026-07-17T23:40:06.000Z,1784331606,29,30621184,RAIN/USD,true,14103620550000002,1784331542,0.014103620550000002
2026-07-17T23:40:21.000Z,1784331621,30,30621244,BTC/USD,true,63901832955470098202624,1784331477,63901.832955470098202624
2026-07-17T23:40:21.000Z,1784331621,30,30621244,ETH/USD,true,1838199435181250183168,1784331613,1838.199435181250183168
2026-07-17T23:40:21.000Z,1784331621,30,30621244,LTC/USD,true,45097957700000006144,1784331539,45.097957700000006144
2026-07-17T23:40:21.000Z,1784331621,30,30621244,SOL/USD,true,74941593765738717184,1784331614,74.941593765738717184
2026-07-17T23:40:21.000Z,1784331621,30,30621244,ZEC/USD,true,542389317909508685824,1784331541,542.389317909508685824
2026-07-17T23:40:21.000Z,1784331621,30,30621244,RAIN/USD,true,14103620550000002,1784331542,0.014103620550000002
2026-07-17T23:40:36.000Z,1784331636,31,30621304,BTC/USD,true,63901832955470098202624,1784331611,63901.832955470098202624
2026-07-17T23:40:36.000Z,1784331636,31,30621304,ETH/USD,true,1838199435181250183168,1784331613,1838.199435181250183168
2026-07-17T23:40:36.000Z,1784331636,31,30621304,LTC/USD,true,45097957700000006144,1784331539,45.097957700000006144
2026-07-17T23:40:36.000Z,1784331636,31,30621304,SOL/USD,true,74941593765738717184,1784331614,74.941593765738717184
2026-07-17T23:40:36.000Z,1784331636,31,30621304,ZEC/USD,true,542389317909508685824,1784331541,542.389317909508685824
2026-07-17T23:40:36.000Z,1784331636,31,30621304,RAIN/USD,true,14103620550000002,1784331542,0.014103620550000002
2026-07-17T23:40:51.000Z,1784331651,32,30621364,BTC/USD,true,63901832955470098202624,1784331611,63901.832955470098202624
2026-07-17T23:40:51.000Z,1784331651,32,30621364,ETH/USD,true,1838199435181250183168,1784331613,1838.199435181250183168
2026-07-17T23:40:51.000Z,1784331651,32,30621364,LTC/USD,true,45097957700000006144,1784331539,45.097957700000006144
2026-07-17T23:40:51.000Z,1784331651,32,30621364,SOL/USD,true,74941593765738717184,1784331614,74.941593765738717184
2026-07-17T23:40:51.000Z,1784331651,32,30621364,ZEC/USD,true,542389317909508685824,1784331541,542.389317909508685824
2026-07-17T23:40:51.000Z,1784331651,32,30621364,RAIN/USD,true,14103620550000002,1784331542,0.014103620550000002
2026-07-17T23:41:06.000Z,1784331666,33,30621424,BTC/USD,true,63901832955470098202624,1784331611,63901.832955470098202624
2026-07-17T23:41:06.000Z,1784331666,33,30621424,ETH/USD,true,1838199435181250183168,1784331613,1838.199435181250183168
2026-07-17T23:41:06.000Z,1784331666,33,30621424,LTC/USD,true,45097957700000006144,1784331539,45.097957700000006144
2026-07-17T23:41:06.000Z,1784331666,33,30621424,SOL/USD,true,74941593765738717184,1784331614,74.941593765738717184
2026-07-17T23:41:06.000Z,1784331666,33,30621424,ZEC/USD,true,542389317909508685824,1784331541,542.389317909508685824
2026-07-17T23:41:06.000Z,1784331666,33,30621424,RAIN/USD,true,14103620550000002,1784331542,0.014103620550000002
2026-07-17T23:41:21.000Z,1784331681,34,30621484,BTC/USD,true,63901832955470098202624,1784331611,63901.832955470098202624
2026-07-17T23:41:21.000Z,1784331681,34,30621484,ETH/USD,true,1838199435181250183168,1784331613,1838.199435181250183168
2026-07-17T23:41:21.000Z,1784331681,34,30621484,LTC/USD,true,45097957700000006144,1784331539,45.097957700000006144
2026-07-17T23:41:21.000Z,1784331681,34,30621484,SOL/USD,true,74941593765738717184,1784331614,74.941593765738717184
2026-07-17T23:41:21.000Z,1784331681,34,30621484,ZEC/USD,true,542389317909508685824,1784331541,542.389317909508685824
2026-07-17T23:41:21.000Z,1784331681,34,30621484,RAIN/USD,true,14105066568750002,1784331678,0.014105066568750002
2026-07-17T23:41:36.000Z,1784331696,35,30621544,BTC/USD,true,63901832955470098202624,1784331611,63901.832955470098202624
2026-07-17T23:41:36.000Z,1784331696,35,30621544,ETH/USD,true,1838199435181250183168,1784331613,1838.199435181250183168
2026-07-17T23:41:36.000Z,1784331696,35,30621544,LTC/USD,true,45106835527722184704,1784331674,45.106835527722184704
2026-07-17T23:41:36.000Z,1784331696,35,30621544,SOL/USD,true,74941593765738717184,1784331614,74.941593765738717184
2026-07-17T23:41:36.000Z,1784331696,35,30621544,ZEC/USD,true,542389317909508685824,1784331676,542.389317909508685824
2026-07-17T23:41:36.000Z,1784331696,35,30621544,RAIN/USD,true,14105066568750002,1784331678,0.014105066568750002
2026-07-17T23:41:51.000Z,1784331711,36,30621604,BTC/USD,true,63901832955470098202624,1784331611,63901.832955470098202624
2026-07-17T23:41:51.000Z,1784331711,36,30621604,ETH/USD,true,1838199435181250183168,1784331613,1838.199435181250183168
2026-07-17T23:41:51.000Z,1784331711,36,30621604,LTC/USD,true,45106835527722184704,1784331674,45.106835527722184704
2026-07-17T23:41:51.000Z,1784331711,36,30621604,SOL/USD,true,74941593765738717184,1784331614,74.941593765738717184
2026-07-17T23:41:51.000Z,1784331711,36,30621604,ZEC/USD,true,542389317909508685824,1784331676,542.389317909508685824
2026-07-17T23:41:51.000Z,1784331711,36,30621604,RAIN/USD,true,14105066568750002,1784331678,0.014105066568750002
2026-07-17T23:42:06.000Z,1784331726,37,30621663,BTC/USD,true,63901832955470098202624,1784331611,63901.832955470098202624
2026-07-17T23:42:06.000Z,1784331726,37,30621663,ETH/USD,true,1838199435181250183168,1784331613,1838.199435181250183168
2026-07-17T23:42:06.000Z,1784331726,37,30621663,LTC/USD,true,45106835527722184704,1784331674,45.106835527722184704
2026-07-17T23:42:06.000Z,1784331726,37,30621663,SOL/USD,true,74941593765738717184,1784331614,74.941593765738717184
2026-07-17T23:42:06.000Z,1784331726,37,30621663,ZEC/USD,true,542389317909508685824,1784331676,542.389317909508685824
2026-07-17T23:42:06.000Z,1784331726,37,30621663,RAIN/USD,true,14105066568750002,1784331678,0.014105066568750002
2026-07-17T23:42:21.000Z,1784331741,38,30621723,BTC/USD,true,63901832955470098202624,1784331611,63901.832955470098202624
2026-07-17T23:42:21.000Z,1784331741,38,30621723,ETH/USD,true,1838199435181250183168,1784331613,1838.199435181250183168
2026-07-17T23:42:21.000Z,1784331741,38,30621723,LTC/USD,true,45106835527722184704,1784331674,45.106835527722184704
2026-07-17T23:42:21.000Z,1784331741,38,30621723,SOL/USD,true,74941593765738717184,1784331614,74.941593765738717184
2026-07-17T23:42:21.000Z,1784331741,38,30621723,ZEC/USD,true,542389317909508685824,1784331676,542.389317909508685824
2026-07-17T23:42:21.000Z,1784331741,38,30621723,RAIN/USD,true,14105066568750002,1784331678,0.014105066568750002
2026-07-17T23:42:36.000Z,1784331756,39,30621783,BTC/USD,true,63901832955470098202624,1784331747,63901.832955470098202624
2026-07-17T23:42:36.000Z,1784331756,39,30621783,ETH/USD,true,1838257739635502481408,1784331681,1838.257739635502481408
2026-07-17T23:42:36.000Z,1784331756,39,30621783,LTC/USD,true,45106835527722184704,1784331674,45.106835527722184704
2026-07-17T23:42:36.000Z,1784331756,39,30621783,SOL/USD,true,74941593765738717184,1784331682,74.941593765738717184
2026-07-17T23:42:36.000Z,1784331756,39,30621783,ZEC/USD,true,542389317909508685824,1784331676,542.389317909508685824
2026-07-17T23:42:36.000Z,1784331756,39,30621783,RAIN/USD,true,14105066568750002,1784331678,0.014105066568750002
2026-07-17T23:42:51.000Z,1784331771,40,30621843,BTC/USD,true,63901832955470098202624,1784331747,63901.832955470098202624
2026-07-17T23:42:51.000Z,1784331771,40,30621843,ETH/USD,true,1838257739635502481408,1784331681,1838.257739635502481408
2026-07-17T23:42:51.000Z,1784331771,40,30621843,LTC/USD,true,45106835527722184704,1784331674,45.106835527722184704
2026-07-17T23:42:51.000Z,1784331771,40,30621843,SOL/USD,true,74941593765738717184,1784331682,74.941593765738717184
2026-07-17T23:42:51.000Z,1784331771,40,30621843,ZEC/USD,true,542389317909508685824,1784331676,542.389317909508685824
2026-07-17T23:42:51.000Z,1784331771,40,30621843,RAIN/USD,true,14105066568750002,1784331678,0.014105066568750002
2026-07-17T23:43:06.000Z,1784331786,41,30621903,BTC/USD,true,63901832955470098202624,1784331747,63901.832955470098202624
2026-07-17T23:43:06.000Z,1784331786,41,30621903,ETH/USD,true,1838257739635502481408,1784331681,1838.257739635502481408
2026-07-17T23:43:06.000Z,1784331786,41,30621903,LTC/USD,true,45106835527722184704,1784331674,45.106835527722184704
2026-07-17T23:43:06.000Z,1784331786,41,30621903,SOL/USD,true,74941593765738717184,1784331682,74.941593765738717184
2026-07-17T23:43:06.000Z,1784331786,41,30621903,ZEC/USD,true,542389317909508685824,1784331676,542.389317909508685824
2026-07-17T23:43:06.000Z,1784331786,41,30621903,RAIN/USD,true,14105066568750002,1784331678,0.014105066568750002
2026-07-17T23:43:21.000Z,1784331801,42,30621962,BTC/USD,true,63901832955470098202624,1784331747,63901.832955470098202624
2026-07-17T23:43:21.000Z,1784331801,42,30621962,ETH/USD,true,1838257739635502481408,1784331681,1838.257739635502481408
2026-07-17T23:43:21.000Z,1784331801,42,30621962,LTC/USD,true,45106835527722184704,1784331674,45.106835527722184704
2026-07-17T23:43:21.000Z,1784331801,42,30621962,SOL/USD,true,74941593765738717184,1784331682,74.941593765738717184
2026-07-17T23:43:21.000Z,1784331801,42,30621962,ZEC/USD,true,542389317909508685824,1784331676,542.389317909508685824
2026-07-17T23:43:21.000Z,1784331801,42,30621962,RAIN/USD,true,14105066568750002,1784331678,0.014105066568750002
2026-07-17T23:43:36.000Z,1784331816,43,30622023,BTC/USD,true,63901832955470098202624,1784331747,63901.832955470098202624
2026-07-17T23:43:36.000Z,1784331816,43,30622023,ETH/USD,true,1838257739635502481408,1784331681,1838.257739635502481408
2026-07-17T23:43:36.000Z,1784331816,43,30622023,LTC/USD,true,45106835527722184704,1784331808,45.106835527722184704
2026-07-17T23:43:36.000Z,1784331816,43,30622023,SOL/USD,true,74941593765738717184,1784331682,74.941593765738717184
2026-07-17T23:43:36.000Z,1784331816,43,30622023,ZEC/USD,true,542389317909508685824,1784331811,542.389317909508685824
2026-07-17T23:43:36.000Z,1784331816,43,30622023,RAIN/USD,true,14105066568750002,1784331678,0.014105066568750002
2026-07-17T23:43:51.000Z,1784331831,44,30622083,BTC/USD,true,63901832955470098202624,1784331747,63901.832955470098202624
2026-07-17T23:43:51.000Z,1784331831,44,30622083,ETH/USD,true,1838257739635502481408,1784331681,1838.257739635502481408
2026-07-17T23:43:51.000Z,1784331831,44,30622083,LTC/USD,true,45106835527722184704,1784331808,45.106835527722184704
2026-07-17T23:43:51.000Z,1784331831,44,30622083,SOL/USD,true,74941593765738717184,1784331682,74.941593765738717184
2026-07-17T23:43:51.000Z,1784331831,44,30622083,ZEC/USD,true,542389317909508685824,1784331811,542.389317909508685824
2026-07-17T23:43:51.000Z,1784331831,44,30622083,RAIN/USD,true,14105066568750002,1784331678,0.014105066568750002
2026-07-17T23:44:06.000Z,1784331846,45,30622143,BTC/USD,true,63901832955470098202624,1784331747,63901.832955470098202624
2026-07-17T23:44:06.000Z,1784331846,45,30622143,ETH/USD,true,1838257739635502481408,1784331681,1838.257739635502481408
2026-07-17T23:44:06.000Z,1784331846,45,30622143,LTC/USD,true,45106835527722184704,1784331808,45.106835527722184704
2026-07-17T23:44:06.000Z,1784331846,45,30622143,SOL/USD,true,74941593765738717184,1784331682,74.941593765738717184
2026-07-17T23:44:06.000Z,1784331846,45,30622143,ZEC/USD,true,542389317909508685824,1784331811,542.389317909508685824
2026-07-17T23:44:06.000Z,1784331846,45,30622143,RAIN/USD,true,14105619150000002,1784331838,0.014105619150000002
2026-07-17T23:44:21.000Z,1784331861,46,30622202,BTC/USD,true,63901832955470098202624,1784331747,63901.832955470098202624
2026-07-17T23:44:21.000Z,1784331861,46,30622202,ETH/USD,true,1838257739635502481408,1784331681,1838.257739635502481408
2026-07-17T23:44:21.000Z,1784331861,46,30622202,LTC/USD,true,45106835527722184704,1784331808,45.106835527722184704
2026-07-17T23:44:21.000Z,1784331861,46,30622202,SOL/USD,true,74941593765738717184,1784331682,74.941593765738717184
2026-07-17T23:44:21.000Z,1784331861,46,30622202,ZEC/USD,true,542389317909508685824,1784331811,542.389317909508685824
2026-07-17T23:44:21.000Z,1784331861,46,30622202,RAIN/USD,true,14105619150000002,1784331838,0.014105619150000002
2026-07-17T23:44:36.000Z,1784331876,47,30622262,BTC/USD,true,63901832955470098202624,1784331747,63901.832955470098202624
2026-07-17T23:44:36.000Z,1784331876,47,30622262,ETH/USD,true,1838394171673222184960,1784331816,1838.39417167322218496
2026-07-17T23:44:36.000Z,1784331876,47,30622262,LTC/USD,true,45106835527722184704,1784331808,45.106835527722184704
2026-07-17T23:44:36.000Z,1784331876,47,30622262,SOL/USD,true,74942670517199101952,1784331817,74.942670517199101952
2026-07-17T23:44:36.000Z,1784331876,47,30622262,ZEC/USD,true,542389317909508685824,1784331811,542.389317909508685824
2026-07-17T23:44:36.000Z,1784331876,47,30622262,RAIN/USD,true,14105619150000002,1784331838,0.014105619150000002
2026-07-17T23:44:51.000Z,1784331891,48,30622322,BTC/USD,true,63901832955470098202624,1784331884,63901.832955470098202624
2026-07-17T23:44:51.000Z,1784331891,48,30622322,ETH/USD,true,1838394171673222184960,1784331816,1838.39417167322218496
2026-07-17T23:44:51.000Z,1784331891,48,30622322,LTC/USD,true,45106835527722184704,1784331808,45.106835527722184704
2026-07-17T23:44:51.000Z,1784331891,48,30622322,SOL/USD,true,74942670517199101952,1784331817,74.942670517199101952
2026-07-17T23:44:51.000Z,1784331891,48,30622322,ZEC/USD,true,542389317909508685824,1784331811,542.389317909508685824
2026-07-17T23:44:51.000Z,1784331891,48,30622322,RAIN/USD,true,14105619150000002,1784331838,0.014105619150000002
2026-07-17T23:45:06.000Z,1784331906,49,30622382,BTC/USD,true,63901832955470098202624,1784331884,63901.832955470098202624
2026-07-17T23:45:06.000Z,1784331906,49,30622382,ETH/USD,true,1838394171673222184960,1784331816,1838.39417167322218496
2026-07-17T23:45:06.000Z,1784331906,49,30622382,LTC/USD,true,45106835527722184704,1784331808,45.106835527722184704
2026-07-17T23:45:06.000Z,1784331906,49,30622382,SOL/USD,true,74942670517199101952,1784331817,74.942670517199101952
2026-07-17T23:45:06.000Z,1784331906,49,30622382,ZEC/USD,true,542389317909508685824,1784331811,542.389317909508685824
2026-07-17T23:45:06.000Z,1784331906,49,30622382,RAIN/USD,true,14107274096133608,1784331905,0.014107274096133608
2026-07-17T23:45:21.000Z,1784331921,50,30622442,BTC/USD,true,63901832955470098202624,1784331884,63901.832955470098202624
2026-07-17T23:45:21.000Z,1784331921,50,30622442,ETH/USD,true,1838394171673222184960,1784331816,1838.39417167322218496
2026-07-17T23:45:21.000Z,1784331921,50,30622442,LTC/USD,true,45106835527722184704,1784331808,45.106835527722184704
2026-07-17T23:45:21.000Z,1784331921,50,30622442,SOL/USD,true,74942670517199101952,1784331817,74.942670517199101952
2026-07-17T23:45:21.000Z,1784331921,50,30622442,ZEC/USD,true,542389317909508685824,1784331811,542.389317909508685824
2026-07-17T23:45:21.000Z,1784331921,50,30622442,RAIN/USD,true,14107274096133608,1784331905,0.014107274096133608
2026-07-17T23:45:36.000Z,1784331936,51,30622502,BTC/USD,true,63901832955470098202624,1784331884,63901.832955470098202624
2026-07-17T23:45:36.000Z,1784331936,51,30622502,ETH/USD,true,1838394171673222184960,1784331816,1838.39417167322218496
2026-07-17T23:45:36.000Z,1784331936,51,30622502,LTC/USD,true,45106835527722184704,1784331808,45.106835527722184704
2026-07-17T23:45:36.000Z,1784331936,51,30622502,SOL/USD,true,74942670517199101952,1784331817,74.942670517199101952
2026-07-17T23:45:36.000Z,1784331936,51,30622502,ZEC/USD,true,542389317909508685824,1784331811,542.389317909508685824
2026-07-17T23:45:36.000Z,1784331936,51,30622502,RAIN/USD,true,14107274096133608,1784331905,0.014107274096133608
2026-07-17T23:45:51.000Z,1784331951,52,30622562,BTC/USD,true,63901832955470098202624,1784331884,63901.832955470098202624
2026-07-17T23:45:51.000Z,1784331951,52,30622562,ETH/USD,true,1838394171673222184960,1784331816,1838.39417167322218496
2026-07-17T23:45:51.000Z,1784331951,52,30622562,LTC/USD,true,45106739374304780288,1784331944,45.106739374304780288
2026-07-17T23:45:51.000Z,1784331951,52,30622562,SOL/USD,true,74942670517199101952,1784331817,74.942670517199101952
2026-07-17T23:45:51.000Z,1784331951,52,30622562,ZEC/USD,true,542389317909508685824,1784331947,542.389317909508685824
2026-07-17T23:45:51.000Z,1784331951,52,30622562,RAIN/USD,true,14107274096133608,1784331905,0.014107274096133608
2026-07-17T23:46:06.000Z,1784331966,53,30622621,BTC/USD,true,63901832955470098202624,1784331884,63901.832955470098202624
2026-07-17T23:46:06.000Z,1784331966,53,30622621,ETH/USD,true,1838394171673222184960,1784331816,1838.39417167322218496
2026-07-17T23:46:06.000Z,1784331966,53,30622621,LTC/USD,true,45106739374304780288,1784331944,45.106739374304780288
2026-07-17T23:46:06.000Z,1784331966,53,30622621,SOL/USD,true,74942670517199101952,1784331817,74.942670517199101952
2026-07-17T23:46:06.000Z,1784331966,53,30622621,ZEC/USD,true,542389317909508685824,1784331947,542.389317909508685824
2026-07-17T23:46:06.000Z,1784331966,53,30622621,RAIN/USD,true,14107274096133608,1784331905,0.014107274096133608
2026-07-17T23:46:21.000Z,1784331981,54,30622681,BTC/USD,true,63901832955470098202624,1784331884,63901.832955470098202624
2026-07-17T23:46:21.000Z,1784331981,54,30622681,ETH/USD,true,1838394171673222184960,1784331816,1838.39417167322218496
2026-07-17T23:46:21.000Z,1784331981,54,30622681,LTC/USD,true,45106739374304780288,1784331944,45.106739374304780288
2026-07-17T23:46:21.000Z,1784331981,54,30622681,SOL/USD,true,74942670517199101952,1784331954,74.942670517199101952
2026-07-17T23:46:21.000Z,1784331981,54,30622681,ZEC/USD,true,542389317909508685824,1784331947,542.389317909508685824
2026-07-17T23:46:21.000Z,1784331981,54,30622681,RAIN/USD,true,14108167740697742,1784331973,0.014108167740697742
2026-07-17T23:46:36.000Z,1784331996,55,30622741,BTC/USD,true,63901832955470098202624,1784331884,63901.832955470098202624
2026-07-17T23:46:36.000Z,1784331996,55,30622741,ETH/USD,true,1838519084173222084608,1784331952,1838.519084173222084608
2026-07-17T23:46:36.000Z,1784331996,55,30622741,LTC/USD,true,45106739374304780288,1784331944,45.106739374304780288
2026-07-17T23:46:36.000Z,1784331996,55,30622741,SOL/USD,true,74942670517199101952,1784331954,74.942670517199101952
2026-07-17T23:46:36.000Z,1784331996,55,30622741,ZEC/USD,true,542389317909508685824,1784331947,542.389317909508685824
2026-07-17T23:46:36.000Z,1784331996,55,30622741,RAIN/USD,true,14108167740697742,1784331973,0.014108167740697742
2026-07-17T23:46:51.000Z,1784332011,56,30622801,BTC/USD,true,63901832955470098202624,1784331884,63901.832955470098202624
2026-07-17T23:46:51.000Z,1784332011,56,30622801,ETH/USD,true,1838519084173222084608,1784331952,1838.519084173222084608
2026-07-17T23:46:51.000Z,1784332011,56,30622801,LTC/USD,true,45106739374304780288,1784331944,45.106739374304780288
2026-07-17T23:46:51.000Z,1784332011,56,30622801,SOL/USD,true,74942670517199101952,1784331954,74.942670517199101952
2026-07-17T23:46:51.000Z,1784332011,56,30622801,ZEC/USD,true,542389317909508685824,1784331947,542.389317909508685824
2026-07-17T23:46:51.000Z,1784332011,56,30622801,RAIN/USD,true,14108167740697742,1784331973,0.014108167740697742
2026-07-17T23:47:06.000Z,1784332026,57,30622861,BTC/USD,true,63901832955470098202624,1784332017,63901.832955470098202624
2026-07-17T23:47:06.000Z,1784332026,57,30622861,ETH/USD,true,1838519084173222084608,1784331952,1838.519084173222084608
2026-07-17T23:47:06.000Z,1784332026,57,30622861,LTC/USD,true,45106739374304780288,1784331944,45.106739374304780288
2026-07-17T23:47:06.000Z,1784332026,57,30622861,SOL/USD,true,74942670517199101952,1784331954,74.942670517199101952
2026-07-17T23:47:06.000Z,1784332026,57,30622861,ZEC/USD,true,542389317909508685824,1784331947,542.389317909508685824
2026-07-17T23:47:06.000Z,1784332026,57,30622861,RAIN/USD,true,14108167740697742,1784331973,0.014108167740697742
2026-07-17T23:47:21.000Z,1784332041,58,30622921,BTC/USD,true,63901832955470098202624,1784332017,63901.832955470098202624
2026-07-17T23:47:21.000Z,1784332041,58,30622921,ETH/USD,true,1838519084173222084608,1784331952,1838.519084173222084608
2026-07-17T23:47:21.000Z,1784332041,58,30622921,LTC/USD,true,45106739374304780288,1784331944,45.106739374304780288
2026-07-17T23:47:21.000Z,1784332041,58,30622921,SOL/USD,true,74942670517199101952,1784331954,74.942670517199101952
2026-07-17T23:47:21.000Z,1784332041,58,30622921,ZEC/USD,true,542389317909508685824,1784331947,542.389317909508685824
2026-07-17T23:47:21.000Z,1784332041,58,30622921,RAIN/USD,true,14111182604500001,1784332040,0.014111182604500001
2026-07-17T23:47:36.000Z,1784332056,59,30622981,BTC/USD,true,63901832955470098202624,1784332017,63901.832955470098202624
2026-07-17T23:47:36.000Z,1784332056,59,30622981,ETH/USD,true,1838519084173222084608,1784331952,1838.519084173222084608
2026-07-17T23:47:36.000Z,1784332056,59,30622981,LTC/USD,true,45106739374304780288,1784331944,45.106739374304780288
2026-07-17T23:47:36.000Z,1784332056,59,30622981,SOL/USD,true,74942670517199101952,1784331954,74.942670517199101952
2026-07-17T23:47:36.000Z,1784332056,59,30622981,ZEC/USD,true,542389317909508685824,1784331947,542.389317909508685824
2026-07-17T23:47:36.000Z,1784332056,59,30622981,RAIN/USD,true,14111182604500001,1784332040,0.014111182604500001
2026-07-17T23:47:51.000Z,1784332071,60,30623041,BTC/USD,true,63901832955470098202624,1784332017,63901.832955470098202624
2026-07-17T23:47:51.000Z,1784332071,60,30623041,ETH/USD,true,1838519084173222084608,1784331952,1838.519084173222084608
2026-07-17T23:47:51.000Z,1784332071,60,30623041,LTC/USD,true,45106739374304780288,1784331944,45.106739374304780288
2026-07-17T23:47:51.000Z,1784332071,60,30623041,SOL/USD,true,74942670517199101952,1784331954,74.942670517199101952
2026-07-17T23:47:51.000Z,1784332071,60,30623041,ZEC/USD,true,542389317909508685824,1784331947,542.389317909508685824
2026-07-17T23:47:51.000Z,1784332071,60,30623041,RAIN/USD,true,14111182604500001,1784332040,0.014111182604500001
